First Name, Second Name, Phone Number, Address, Website URL
Vladimir, Bazhanov, +79375295624, 46 Pushkina, http://flatstack.com
Ivan, Ivanov, +7 977 77 77 777, 46 Unknown street, http://google.com
Petr, Sergeev, , 105 Pobedy, http://yandex.ru
Egor, Barakhov, +7 12 34 235 6 01, 3 Festivalny boulevard, http://vk.com/capacithor
Katrina, Santiago, , 540 Allbrite Road, https://www.randomaddressgenerator.com
Doris, Hale, +39 9699368591, , https://github.com
Patricia, Steele, +98156994252, 306 Austinville Road Southwest, https://www.notion.so
Erica, Dean, , 2300 Goldhill Road, https://alwaysjudgeabookbyitscover.com
Nathan, Thomas, +04 024 277 54 51, 1858 Walnut Grove Road, http://corndog.io
Frank, Walker, +6 75 01 31 03 63, , https://theuselessweb.com
Christopher, Gomez, +84990931147699, 16/94 Waterfall Road, http://eelslap.com
Wendy, Martinez, , 168 Peck Street, https://thatsthefinger.com
Steve, Johnson, +67 37 81 035 674, , http://burymewithmymoney.com
James, Reeves, +14145236712, 1404 Shunpike Road, http://endless.horse
Gerald, Wilson, , 1286 North Road, https://cant-not-tweet-this.com
Douglas, Schmidt, +02365546412096, 1286 North Road, https://jacksonpollock.org
Douglas, Schmidt, +0025872353624, 4011 Alea Loop, https://jacksonpollock.org